hjd,camera,filter,mag,mag err,flux (mJy),flux err
2456675.89481,bc,V,8.581,0.02,1452.684,26.729
2457536.57796,bh,V,9.928,0.02,377.82,6.952
2457018.73455,bf,V,8.589,0.02,1383.461,25.456
2456969.83372,bf,V,8.627,0.02,1335.836,24.579
2458180.78784,bg,V,8.918,0.02,1039.677,19.13
2458052.87623,bg,V,8.909,0.02,1047.415,19.272
2457700.82157,bg,V,8.646,0.02,1334.514,24.555
2457445.85682,bh,V,8.652,0.02,1222.715,22.498
2457425.79784,bg,V,8.335,0.02,1777.885,32.713
2457389.87189,bh,V,8.623,0.02,1256.542,23.12
2457203.47656,bf,V,8.612,0.02,1354.482,24.922
2457065.85402,be,V,8.591,0.02,1595.773,29.362
2456835.47642,bf,V,8.406,0.02,1637.566,30.131
2456641.00055,bd,V,8.551,0.02,1663.688,30.612
2458139.00341,bd,V,8.592,0.02,1602.458,29.485
2457818.83545,bh,V,8.739,0.02,1129.474,20.782
2457784.97764,bc,V,8.603,0.02,1423.464,26.192
2457005.7725,be,V,8.586,0.02,1603.068,29.496
2458124.03786,bd,V,8.59,0.02,1603.491,29.504
2457869.66361,bh,V,8.458,0.02,1462.872,26.917
2457851.72276,bh,V,8.481,0.02,1432.202,26.353
2457479.63371,bg,V,8.404,0.02,1667.694,30.686
2457413.72369,bh,V,8.564,0.02,1326.792,24.413
2457353.84741,bh,V,8.589,0.02,1296.312,23.852
2457183.52314,bf,V,8.607,0.02,1361.02,25.043
2458136.79456,bg,V,8.668,0.02,1308.455,24.076
2458076.82918,bh,V,8.512,0.02,1390.979,25.594
2457762.81381,bh,V,8.605,0.02,1277.151,23.5
2457448.79339,bh,V,8.58,0.02,1307.264,24.054
2457100.79559,bf,V,8.646,0.02,1312.78,24.155
2457076.99585,bc,V,8.532,0.02,1520.752,27.982
2456975.79127,be,V,8.695,0.02,1450.269,26.685
2456959.85529,bf,V,8.605,0.02,1363.597,25.09
2457858.56808,bg,V,8.554,0.02,1452.984,26.735
2457557.53654,bh,V,8.636,0.02,1241.474,22.843
2457901.57609,bh,V,8.436,0.02,1492.03,27.453
2457895.59885,bg,V,8.678,0.02,1296.578,23.857
2457832.85193,bd,V,8.594,0.02,1599.517,29.431
2457759.02244,bc,V,8.597,0.02,1432.091,26.35
2457472.86043,bd,V,8.692,0.02,1461.503,26.892
2457442.81381,bg,V,8.375,0.02,1713.838,31.535
2457434.69846,bg,V,8.393,0.02,1685.286,31.009
2457136.5604,be,V,8.552,0.02,1654.164,30.437
2457012.09853,bd,V,8.524,0.02,1705.244,31.376
2456948.87787,bf,V,8.689,0.02,1262.736,23.234
2458133.01498,bd,V,8.641,0.02,1531.591,28.181
2458069.85213,bg,V,8.724,0.02,1242.372,22.86
2457793.93942,bd,V,8.685,0.02,1470.55,27.058
2457706.83839,bg,V,8.573,0.02,1427.998,26.275
2457494.76334,bc,V,8.632,0.02,1386.542,25.512
2457437.79027,bg,V,8.306,0.02,1826.153,33.601
2457090.76438,be,V,8.578,0.02,1615.467,29.725
2457068.69302,be,V,8.537,0.02,1677.908,30.874
2457050.74334,bf,V,8.532,0.02,1458.099,26.829
2458132.04542,bd,V,8.586,0.02,1610.271,29.629
2457895.52625,bh,V,8.438,0.02,1489.473,27.406
2457693.84792,bh,V,8.621,0.02,1258.472,23.156
2457464.88808,bd,V,8.577,0.02,1623.903,29.88
2457458.78878,bg,V,8.294,0.02,1847.134,33.987
2456996.77795,be,V,8.616,0.02,1559.328,28.692
2456966.81829,be,V,8.636,0.02,1531.764,28.184
2456847.46434,bf,V,8.477,0.02,1533.656,28.219
2458125.79528,bg,V,8.768,0.02,1193.345,21.958
2457772.01703,bd,V,8.561,0.02,1648.35,30.33
2457769.83948,bg,V,8.549,0.02,1459.651,26.858
2457747.77754,bg,V,8.588,0.02,1408.334,25.913
2457112.64247,be,V,8.606,0.02,1573.896,28.96
2458134.01154,bd,V,8.697,0.02,1454.586,26.764
2457887.6148,bg,V,8.703,0.02,1267.007,23.313
2456984.80502,be,V,8.573,0.02,1622.818,29.86
2456983.14026,bd,V,8.552,0.02,1661.681,30.575
2457840.60433,bg,V,8.857,0.02,1099.148,20.224
2457440.87117,bh,V,8.661,0.02,1213.477,22.328
2457355.78373,bg,V,8.376,0.02,1712.198,31.504
2457153.62668,be,V,8.545,0.02,1665.1,30.638
2456839.46584,be,V,8.498,0.02,1738.444,31.987
2457787.69047,bg,V,8.562,0.02,1443.059,26.552
2457747.7889,bh,V,8.616,0.02,1264.809,23.272
2457339.84823,bh,V,8.545,0.02,1349.639,24.833
2457129.643,be,V,8.553,0.02,1652.627,30.408
2457742.78716,bg,V,8.606,0.02,1385.068,25.485
2457732.75776,bh,V,8.591,0.02,1293.397,23.798
2457460.69971,bg,V,8.333,0.02,1781.842,32.786
2457312.87959,bg,V,8.585,0.02,1412.249,25.985
2457124.58614,bf,V,8.522,0.02,1471.743,27.08
2456801.75548,bd,V,8.586,0.02,1609.265,29.61
2458068.14528,bc,V,8.658,0.02,1353.683,24.908
2458056.85248,bg,V,8.713,0.02,1254.999,23.092
2457753.70323,bh,V,8.617,0.02,1263.071,23.241
2457123.65869,bf,V,8.438,0.02,1590.214,29.26
2457069.7053,bf,V,8.501,0.02,1500.438,27.608
2457040.73891,be,V,8.559,0.02,1644.123,30.252
2456976.79152,be,V,8.718,0.02,1419.668,26.122
2456964.82653,be,V,8.677,0.02,1474.569,27.132
2458171.52731,bg,V,8.956,0.02,1003.491,18.464
2457851.51936,bg,V,8.605,0.02,1386.786,25.517
2457689.85155,bg,V,8.574,0.02,1426.06,26.24
2457023.76097,bf,V,8.551,0.02,1433.804,26.382
2458127.7798,bg,V,8.893,0.02,1063.225,19.563
2457428.83378,bg,V,8.304,0.02,1828.949,33.653
2457073.02164,bc,V,8.578,0.02,1457.63,26.82
2456983.8105,be,V,8.607,0.02,1572.525,28.934
2457451.9123,bd,V,8.855,0.02,1257.19,23.132
2457356.78801,bh,V,8.611,0.02,1269.879,23.366
2457719.7767,bg,V,8.545,0.02,1465.809,26.971
2457378.79786,bg,V,8.314,0.02,1813.244,33.364
2457363.83107,bg,V,8.331,0.02,1784.44,32.834
2456626.04345,bc,V,8.178,0.02,2105.339,38.738
2457876.63265,bh,V,8.444,0.02,1481.943,27.268
2457699.8296,bg,V,8.727,0.02,1238.85,22.795
2457485.71571,bg,V,8.47,0.02,1570.629,28.9
2457415.72707,bg,V,8.299,0.02,1838.327,33.825
2457038.75451,bf,V,8.588,0.02,1385.753,25.498
2456988.79026,be,V,8.58,0.02,1612.831,29.676
2458101.13681,bd,V,8.618,0.02,1563.707,28.772
2458097.75389,bg,V,8.859,0.02,1097.443,20.193
2458088.80436,bh,V,8.497,0.02,1410.502,25.953
2457446.85623,bh,V,8.674,0.02,1198.334,22.049
2457421.68282,bh,V,8.586,0.02,1300.148,23.923
2457416.6109,bg,V,8.376,0.02,1712.201,31.504
2456984.13317,bd,V,8.505,0.02,1735.422,31.932
2456971.80391,be,V,8.795,0.02,1323.153,24.346
2458145.7116,bg,V,8.715,0.02,1252.6,23.048
2458128.06573,bd,V,8.577,0.02,1624.944,29.899
2457943.46736,bh,V,8.482,0.02,1430.614,26.323
2457905.56522,bg,V,8.804,0.02,1154.667,21.246
2457361.80729,bh,V,8.598,0.02,1285.492,23.653
2457870.58189,bg,V,8.607,0.02,1384.01,25.466
2457379.75674,bg,V,8.327,0.02,1791.605,32.966
2457148.65613,bf,V,8.648,0.02,1310.981,24.122
2458144.7313,bg,V,8.659,0.02,1319.275,24.275
2457816.88252,bd,V,8.621,0.02,1559.521,28.695
2457802.76881,bg,V,8.693,0.02,1278.794,23.53
2457560.47751,bh,V,8.587,0.02,1298.213,23.887
2457072.0086,bc,V,8.568,0.02,1471.006,27.067
2458081.83691,bh,V,8.468,0.02,1449.492,26.671
2457845.7025,bg,V,8.553,0.02,1454.704,26.767
2457716.85726,bh,V,8.542,0.02,1353.615,24.907
2458140.77435,bg,V,8.635,0.02,1348.634,24.815
2457799.63392,bh,V,8.622,0.02,1257.504,23.138
2457756.70011,bh,V,8.523,0.02,1377.942,25.354
2457408.81269,bg,V,8.41,0.02,1659.476,30.534
2457404.7004,bh,V,8.613,0.02,1268.221,23.335
2457159.60564,be,V,8.58,0.02,1612.419,29.669
2457050.7009,be,V,8.62,0.02,1554.918,28.61
2457036.8097,be,V,8.58,0.02,1612.369,29.668
2457021.7525,bf,V,8.55,0.02,1434.256,26.39
2456983.14661,bc,V,8.525,0.02,1530.264,28.157
2456735.81988,bc,V,8.46,0.02,1624.636,29.893
2457887.64228,bh,V,8.647,0.02,1228.632,22.607
2457477.66517,bg,V,8.447,0.02,1603.876,29.511
2457447.85151,bh,V,8.647,0.02,1228.608,22.606
2457199.51191,bf,V,8.681,0.02,1271.342,23.393
2457062.95498,bc,V,8.466,0.02,1615.21,29.72
2456833.46609,be,V,8.497,0.02,1740.96,32.034
2457798.73757,bh,V,8.665,0.02,1208.45,22.235
2457575.45568,bg,V,8.489,0.02,1542.698,28.386
2457434.65924,bh,V,8.586,0.02,1299.469,23.91
2457390.85848,bh,V,8.571,0.02,1317.999,24.251
2457045.98366,bd,V,8.576,0.02,1626.587,29.929
2458125.68601,bh,V,8.573,0.02,1315.157,24.199
2457827.88905,bd,V,8.606,0.02,1581.759,29.104
2457447.82791,bg,V,8.369,0.02,1722.959,31.702
2457380.84871,bg,V,8.421,0.02,1642.266,30.218
2457376.74933,bg,V,8.362,0.02,1734.103,31.908
2457338.86754,bh,V,8.908,0.02,966.37,17.781
2457076.69935,bf,V,8.616,0.02,1350.126,24.842
2457048.87833,be,V,8.585,0.02,1604.811,29.529
2457015.77176,bf,V,8.593,0.02,1378.356,25.362
2458141.76629,bg,V,8.658,0.02,1320.794,24.303
2458135.78309,bg,V,8.665,0.02,1311.682,24.135
2457864.68637,bh,V,8.462,0.02,1457.483,26.818
2457133.59951,bf,V,8.572,0.02,1405.562,25.862
2457018.7494,be,V,8.575,0.02,1619.999,29.808
2458314.45792,bh,V,8.466,0.02,1451.453,26.707
2458124.8215,bg,V,8.622,0.02,1365.22,25.12
2457936.49651,bh,V,8.529,0.02,1370.207,25.212
2457498.76089,bd,V,8.724,0.02,1419.405,26.117
2456625.06316,bd,V,8.213,0.02,2272.337,41.811
2457915.46147,bh,V,8.634,0.02,1244.069,22.891
2457772.71167,bh,V,8.626,0.02,1252.97,23.055
2457722.78112,bg,V,8.584,0.02,1413.66,26.011
2457485.69875,bh,V,8.63,0.02,1247.827,22.96
2457404.82519,bg,V,8.311,0.02,1817.193,33.436
2457181.54032,be,V,8.603,0.02,1578.911,29.052
2457180.53146,bf,V,8.728,0.02,1217.14,22.395
2457471.86514,bd,V,8.682,0.02,1474.252,27.126
2457445.67464,bg,V,8.344,0.02,1763.042,32.44
2457402.82161,bg,V,8.324,0.02,1795.319,33.034
2457375.75844,bh,V,8.585,0.02,1301.471,23.947
2457348.7981,bg,V,8.352,0.02,1750.262,32.205
2457092.6882,be,V,8.56,0.02,1642.228,30.217
2457043.7535,bf,V,8.582,0.02,1393.107,25.633
2456979.13298,bd,V,8.546,0.02,1671.447,30.755
2458233.73871,bc,V,8.748,0.02,1245.616,22.919
2458086.77205,bg,V,8.789,0.02,1170.151,21.531
2457836.69041,bg,V,8.499,0.02,1528.27,28.12
2457786.96012,bd,V,8.617,0.02,1565.526,28.806
2457696.85002,bh,V,8.591,0.02,1293.618,23.803
2457490.74734,bc,V,8.642,0.02,1373.238,25.268
2457010.77676,be,V,8.567,0.02,1632.481,30.038
2456965.83664,bf,V,8.557,0.02,1425.934,26.237
2458094.85488,bh,V,8.498,0.02,1410.021,25.944
2457721.79183,bh,V,8.532,0.02,1366.692,25.147
2457425.7836,bh,V,8.535,0.02,1361.999,25.061
2457373.73449,bg,V,8.425,0.02,1636.913,30.119
2457146.53583,be,V,8.529,0.02,1690.277,31.101
2456701.86658,bc,V,8.541,0.02,1507.767,27.743
2457924.50701,bg,V,8.593,0.02,1402.317,25.803
2457894.62712,bh,V,8.51,0.02,1394.431,25.658
2457461.8526,bd,V,8.637,0.02,1536.902,28.279
2457153.60944,bf,V,8.576,0.02,1400.688,25.773
2457150.63615,be,V,8.636,0.02,1531.459,28.179
2457043.73828,be,V,8.555,0.02,1649.364,30.348
2457801.96174,bd,V,8.622,0.02,1556.774,28.645
2457800.61965,bg,V,8.611,0.02,1379.063,25.375
2457759.66447,bg,V,8.609,0.02,1380.77,25.406
2457523.59921,bg,V,8.491,0.02,1539.517,28.327
2457453.7104,bh,V,8.602,0.02,1281.034,23.571
2457411.00427,bc,V,8.638,0.02,1378.519,25.365
2456625.04112,bc,V,8.188,0.02,2087.473,38.41
2456619.07083,bd,V,8.254,0.02,2186.979,40.24
2458220.61826,bh,V,8.66,0.02,1214.42,22.345
2458137.78676,bg,V,8.697,0.02,1274.335,23.448
2457775.03361,bd,V,8.596,0.02,1594.406,29.337
2457764.02076,bd,V,8.578,0.02,1622.359,29.851
2457752.71116,bh,V,8.575,0.02,1312.695,24.154
2457718.80123,bh,V,8.587,0.02,1298.785,23.898
2457410.78633,bh,V,8.63,0.02,1248.329,22.969
2456832.48278,be,V,8.532,0.02,1686.087,31.024
2458309.47224,bh,V,8.922,0.02,953.961,17.553
2458223.71531,bh,V,8.661,0.02,1213.307,22.325
2458055.85947,bg,V,9.206,0.02,796.926,14.663
2457911.57988,bh,V,8.574,0.02,1314.12,24.18
2457880.54216,bg,V,8.559,0.02,1446.209,26.61
2457817.63178,bg,V,8.563,0.02,1441.25,26.519
2456972.80054,be,V,8.628,0.02,1542.358,28.379
2456961.85212,bf,V,8.548,0.02,1436.56,26.433
2458158.61839,bg,V,8.943,0.02,1015.203,18.68
2458084.82767,bh,V,8.491,0.02,1418.994,26.109
2457903.51277,bg,V,8.54,0.02,1472.158,27.088
2457367.78528,bh,V,8.645,0.02,1231.386,22.658
2457118.72788,bf,V,8.614,0.02,1351.901,24.875
2458143.75099,bg,V,9.532,0.02,590.366,10.863
2458039.88117,bg,V,9.189,0.02,809.644,14.897
2457725.80679,bg,V,8.51,0.02,1513.711,27.852
2457720.77314,bg,V,8.57,0.02,1432.413,26.356
2457500.76877,bd,V,8.603,0.02,1586.678,29.195
2457420.79259,bg,V,8.368,0.02,1724.117,31.724
2457395.77234,bg,V,8.268,0.02,1890.466,34.785
2457389.75311,bg,V,8.401,0.02,1673.013,30.783
2457132.74178,bc,V,8.584,0.02,1448.852,26.659
2457049.00213,bd,V,8.548,0.02,1668.385,30.698
2457853.62987,bg,V,8.63,0.02,1355.343,24.938
2457751.69942,bg,V,8.629,0.02,1356.784,24.965
2457737.08814,bc,V,8.587,0.02,1444.901,26.586
2457691.84893,bg,V,8.604,0.02,1388.205,25.543
2457438.60024,bg,V,8.325,0.02,1795.158,33.031
2457045.70476,be,V,8.574,0.02,1621.842,29.842
2457012.76886,be,V,8.561,0.02,1640.8,30.191
2458311.46489,bh,V,8.928,0.02,948.617,17.455
2458159.93979,bc,V,8.647,0.02,1367.958,25.17
2458103.76134,bg,V,8.828,0.02,1128.822,20.77
2457831.80927,bc,V,8.713,0.02,1286.291,23.668
2457557.50464,bg,V,8.431,0.02,1627.275,29.942
2457083.67838,be,V,8.555,0.02,1650.328,30.366
2457010.13376,bd,V,8.511,0.02,1726.029,31.759
2457729.75236,bg,V,8.667,0.02,1309.853,24.101
2457438.87264,bh,V,8.611,0.02,1270.645,23.38
2457402.76395,bh,V,8.588,0.02,1297.656,23.877
2456993.78258,be,V,8.58,0.02,1612.342,29.667
2456639.00293,bc,V,8.825,0.02,1160.473,21.353
2458148.80543,bg,V,8.624,0.02,1362.933,25.078
2457910.53827,bg,V,8.729,0.02,1236.606,22.754
2457828.56116,bg,V,8.607,0.02,1383.411,25.455
2457745.80265,bg,V,8.565,0.02,1438.744,26.473
2457745.78832,bh,V,8.614,0.02,1266.396,23.302
2457739.82729,bg,V,8.566,0.02,1437.58,26.451
2457187.49022,bf,V,8.871,0.02,1067.124,19.635
2457904.59799,bh,V,8.463,0.02,1455.808,26.787
2457363.81666,bh,V,8.545,0.02,1349.388,24.829
2456969.81109,be,V,8.657,0.02,1501.511,27.628
2456798.74798,bc,V,8.49,0.02,1580.149,29.075
2458187.87489,bc,V,8.711,0.02,1289.164,23.721
2458044.86468,bg,V,9.546,0.02,582.923,10.726
2457939.4863,bh,V,8.487,0.02,1424.594,26.213
2457882.65566,bh,V,8.535,0.02,1363.032,25.08
2457714.81669,bg,V,8.432,0.02,1625.405,29.907
2457032.98321,bc,V,8.547,0.02,1499.581,27.592
2457011.10191,bd,V,8.568,0.02,1638.058,30.14
2456966.83551,bf,V,8.456,0.02,1564.965,28.795
2458450.12445,bc,V,8.698,0.02,1304.42,24.001
2458134.78332,bg,V,8.755,0.02,1208.01,22.227
2458127.06139,bd,V,8.584,0.02,1614.202,29.701
2458079.82798,bg,V,8.748,0.02,1215.073,22.357
2458068.86289,bg,V,8.809,0.02,1149.436,21.15
2457866.68109,bh,V,8.463,0.02,1456.151,26.793
2457796.66938,bg,V,8.623,0.02,1363.954,25.097
2457686.87679,bg,V,8.572,0.02,1429.069,26.295
2457546.4459,bg,V,8.391,0.02,1689.244,31.082
2457405.68433,bg,V,8.363,0.02,1732.332,31.875
2457097.68618,bf,V,8.502,0.02,1499.765,27.596
2458306.4794,bh,V,8.768,0.02,1099.277,20.227
2457567.47769,bg,V,8.472,0.02,1566.505,28.824
2457486.73497,bh,V,8.611,0.02,1270.865,23.384
2457403.64784,bg,V,8.388,0.02,1693.278,31.156
2458303.49025,bh,V,8.956,0.02,924.387,17.009
2457559.45526,bg,V,8.723,0.02,1243.166,22.874
2457477.68993,bh,V,8.57,0.02,1319.377,24.277
2457384.71294,bg,V,8.364,0.02,1730.391,31.839
2457118.71606,be,V,8.584,0.02,1606.622,29.562
2456990.76295,be,V,8.876,0.02,1228.01,22.595
2456968.83018,bf,V,8.556,0.02,1426.829,26.254
2457066.8265,be,V,8.661,0.02,1496.862,27.542
2458101.8144,bh,V,8.538,0.02,1358.62,24.999
2458095.83976,bg,V,8.585,0.02,1412.54,25.991
2457686.86906,bh,V,8.657,0.02,1217.345,22.399
2457471.61642,bg,V,8.426,0.02,1635.454,30.092
2457035.86614,be,V,8.564,0.02,1637.003,30.121
2456949.86287,be,V,8.669,0.02,1486.028,27.343
2457889.60683,bh,V,8.5,0.02,1407.089,25.89
2457709.82428,bh,V,8.653,0.02,1222.405,22.492
2457444.81247,bg,V,8.366,0.02,1727.259,31.782
2456980.13149,bc,V,8.646,0.02,1368.688,25.184
2457123.62142,be,V,8.524,0.02,1698.234,31.248
2457889.54046,bg,V,8.579,0.02,1419.477,26.118
2457879.48351,bh,V,8.48,0.02,1433.006,26.367
2457843.83834,bd,V,8.592,0.02,1602.892,29.493
2457835.86281,bd,V,8.638,0.02,1536.298,28.268
2457345.83319,bh,V,8.529,0.02,1370.511,25.217
2457190.53857,bf,V,8.59,0.02,1383.004,25.447
2456968.81302,be,V,8.684,0.02,1465.315,26.962
2456616.09051,bd,V,8.226,0.02,2245.305,41.314
2457813.58919,bg,V,8.579,0.02,1419.81,26.124
2457754.71409,bg,V,8.542,0.02,1469.284,27.035
2457424.7881,bg,V,8.35,0.02,1752.771,32.251
2457106.83398,bc,V,8.58,0.02,1454.292,26.759
2457094.76302,be,V,8.578,0.02,1615.39,29.723
2457023.72042,be,V,8.589,0.02,1599.185,29.425
2456987.13367,bc,V,8.518,0.02,1540.427,28.344
2458159.97105,bd,V,8.633,0.02,1543.486,28.4
2457795.86457,bg,V,8.652,0.02,1327.289,24.422
2457110.75876,bf,V,8.528,0.02,1464.08,26.939
2457040.75602,bf,V,8.567,0.02,1412.448,25.989
2456943.8769,be,V,8.684,0.02,1465.836,26.971
2458149.80113,bg,V,8.733,0.02,1231.905,22.667
2458126.78787,bg,V,8.718,0.02,1249.786,22.996
2457933.46508,bg,V,8.524,0.02,1493.722,27.484
2457847.73044,bg,V,8.714,0.02,1254.495,23.083
2457773.73726,bg,V,8.671,0.02,1304.451,24.002
2457204.4675,be,V,8.636,0.02,1531.06,28.172
2457110.75122,be,V,8.608,0.02,1572.13,28.927
2457821.80689,bg,V,8.703,0.02,1266.397,23.302
2457781.9881,bc,V,8.611,0.02,1414.1,26.019
2457760.04199,bd,V,8.578,0.02,1622.924,29.862
2457022.09634,bd,V,8.492,0.02,1757.089,32.33
2458150.80066,bg,V,8.785,0.02,1174.15,21.604
2457848.78499,bd,V,8.558,0.02,1653.019,30.416
2457844.81024,bc,V,8.63,0.02,1388.678,25.552
2457834.8461,bc,V,8.632,0.02,1387.019,25.521
2457803.91285,bc,V,8.594,0.02,1436.157,26.425
2457435.67816,bh,V,8.555,0.02,1337.454,24.609
2457338.8282,bg,V,8.332,0.02,1782.047,32.79
2457008.76982,be,V,8.577,0.02,1617.64,29.765
2457873.56842,bg,V,8.607,0.02,1383.837,25.463
2457761.79598,bg,V,8.463,0.02,1579.492,29.063
2457682.86684,bg,V,8.62,0.02,1367.746,25.167
2457449.7172,bh,V,8.533,0.02,1365.458,25.124
2457329.86083,bh,V,8.545,0.02,1349.602,24.833
2457159.62049,bf,V,8.596,0.02,1375.095,25.302
2457105.84716,bd,V,8.536,0.02,1687.135,31.043
2457038.02873,bd,V,8.564,0.02,1642.049,30.214
2456985.80267,be,V,8.594,0.02,1591.155,29.277
2458138.7825,bg,V,8.843,0.02,1113.217,20.483
2458082.8265,bg,V,8.799,0.02,1160.055,21.345
2457914.53809,bg,V,8.681,0.02,1292.211,23.777
2457475.69836,bg,V,8.438,0.02,1617.542,29.763
2457322.86629,bg,V,8.489,0.02,1542.565,28.383
2457156.61311,be,V,8.519,0.02,1705.305,31.378
2456973.8011,be,V,8.648,0.02,1514.183,27.861
2457769.75592,bh,V,8.596,0.02,1288.036,23.7
2457576.4798,bh,V,8.534,0.02,1364.168,25.101
2457407.80904,bg,V,8.359,0.02,1738.82,31.994
2457397.67056,bg,V,8.452,0.02,1596.778,29.381
2457156.58197,bf,V,8.525,0.02,1468.559,27.021
2456970.82418,bf,V,8.533,0.02,1457.73,26.822
2456656.96481,bd,V,8.519,0.02,1713.72,31.532
2457416.86361,bh,V,8.611,0.02,1269.797,23.364
2456965.8196,be,V,8.682,0.02,1467.983,27.011
2456964.84339,bf,V,8.817,0.02,1121.491,20.635
2456961.83799,be,V,8.608,0.02,1572.191,28.928
2458451.13947,bd,V,8.67,0.02,1489.912,27.414
2457867.68006,bg,V,8.604,0.02,1387.399,25.528
2457830.66656,bh,V,8.442,0.02,1483.67,27.3
2457774.71342,bg,V,8.607,0.02,1383.429,25.455
2457453.65238,bg,V,8.337,0.02,1774.478,32.65
2457384.05889,bd,V,8.676,0.02,1481.035,27.251
2457170.51643,be,V,8.518,0.02,1707.233,31.413
2457052.74032,bf,V,8.648,0.02,1310.333,24.11
2456967.83646,bf,V,8.599,0.02,1371.382,25.233
2456852.46207,bf,V,8.69,0.02,1261.556,23.213
2457923.51513,bh,V,8.501,0.02,1406.282,25.876
2457916.53295,bg,V,8.607,0.02,1384.497,25.475
2457548.56488,bh,V,8.524,0.02,1375.757,25.314
2457436.81835,bg,V,8.372,0.02,1718.3,31.617
2457433.64621,bg,V,8.312,0.02,1816.274,33.419
2457350.81545,bg,V,8.272,0.02,1884.417,34.673
2457067.80777,bf,V,8.598,0.02,1372.574,25.255
2456989.10076,bc,V,8.543,0.02,1505.516,27.701
2456974.79741,be,V,8.64,0.02,1525.696,28.073
2456959.83825,be,V,8.659,0.02,1499.566,27.592
2458099.78212,bg,V,8.706,0.02,1263.671,23.252
2457854.67088,bh,V,8.456,0.02,1465.33,26.962
2457440.79571,bg,V,8.376,0.02,1711.837,31.498
2457395.75633,bh,V,8.575,0.02,1312.729,24.154
2457378.77558,bh,V,8.533,0.02,1365.408,25.124
2457361.82335,bg,V,8.363,0.02,1733.016,31.887
2457139.5793,be,V,8.566,0.02,1633.712,30.06
2457849.78087,bc,V,8.638,0.02,1378.205,25.359
2457824.63957,bg,V,8.657,0.02,1321.913,24.323
2457806.74973,bg,V,8.648,0.02,1332.493,24.518
2457687.862,bg,V,8.524,0.02,1493.871,27.487
2457423.75506,bh,V,8.912,0.02,963.008,17.719
2457336.84239,bh,V,8.603,0.02,1279.285,23.539
2458071.81031,bg,V,9.06,0.02,911.937,16.78
2457779.02423,bd,V,8.538,0.02,1684.016,30.986
2457717.79294,bg,V,8.589,0.02,1406.677,25.883
2457567.50934,bh,V,8.548,0.02,1346.657,24.778
2457481.70752,bh,V,8.592,0.02,1292.2,23.776
2457405.65479,bh,V,8.602,0.02,1280.611,23.563
2457136.59087,bf,V,8.534,0.02,1456.257,26.795
2457078.69655,bf,V,8.525,0.02,1468.069,27.012
2456976.81767,bf,V,8.642,0.02,1317.748,24.247
2456700.8666,bd,V,8.813,0.02,1307.525,24.058
2458070.84895,bg,V,8.837,0.02,1119.916,20.606
2457803.64581,bh,V,8.617,0.02,1263.857,23.255
2457398.83375,bg,V,8.297,0.02,1840.742,33.87
2457334.85668,bh,V,8.558,0.02,1333.63,24.539
2457065.63754,bf,V,8.837,0.02,1100.962,20.258
2456996.78912,bf,V,8.914,0.02,1025.758,18.874
2456681.91609,bc,V,8.516,0.02,1542.681,28.385
2458122.08489,bd,V,8.731,0.02,1409.223,25.93
2457946.46475,bh,V,8.458,0.02,1462.844,26.916
2457568.50593,bh,V,8.513,0.02,1390.503,25.585
2457475.69077,bh,V,8.61,0.02,1271.514,23.396
2457176.49099,be,V,8.577,0.02,1616.596,29.745
2457079.68171,be,V,8.569,0.02,1628.459,29.964
2457064.85147,be,V,8.643,0.02,1521.626,27.998
2457015.75752,be,V,8.562,0.02,1638.938,30.156
2457845.73241,bh,V,8.439,0.02,1488.184,27.383
2457799.94545,bc,V,8.537,0.02,1512.811,27.836
2457697.83898,bh,V,8.62,0.02,1260.014,23.184
2457387.78692,bg,V,8.299,0.02,1838.213,33.823
2457877.55398,bg,V,8.625,0.02,1360.76,25.038
2457763.02832,bc,V,8.592,0.02,1437.961,26.458
2457397.72263,bh,V,8.581,0.02,1306.204,24.034
2457370.81345,bg,V,8.298,0.02,1838.741,33.833
2457000.77301,be,V,8.548,0.02,1660.177,30.547
2456797.76606,bc,V,8.437,0.02,1659.099,30.527
2456638.00542,bc,V,8.508,0.02,1553.749,28.589
2458153.61339,bg,V,9.03,0.02,937.253,17.245
2458129.06233,bd,V,8.546,0.02,1672.206,30.769
2457439.872,bh,V,8.642,0.02,1234.046,22.706
2457422.81783,bg,V,8.317,0.02,1808.17,33.27
2457036.75413,bf,V,8.907,0.02,1032.281,18.994
2456970.80669,be,V,8.619,0.02,1555.031,28.613
2458157.7368,bg,V,8.635,0.02,1348.985,24.821
2458139.78627,bg,V,8.673,0.02,1301.861,23.954
2457914.56552,bh,V,8.458,0.02,1462.111,26.903
2457332.84769,bg,V,8.354,0.02,1746.683,32.139
2457197.4891,be,V,8.592,0.02,1595.015,29.348
2457191.5144,be,V,8.588,0.02,1600.128,29.442
2457103.8334,bc,V,8.568,0.02,1470.157,27.051
2457070.91885,bc,V,8.538,0.02,1511.549,27.812
2456967.81673,be,V,8.74,0.02,1392.065,25.614
2457911.47539,bg,V,8.634,0.02,1350.374,24.847
2457723.7972,bh,V,8.641,0.02,1236.22,22.746
2456993.13182,bd,V,8.52,0.02,1711.529,31.492
2458091.81088,bg,V,8.671,0.02,1304.222,23.998
2457120.62152,bf,V,8.573,0.02,1404.83,25.849
2457088.80641,be,V,8.65,0.02,1512.507,27.83
2457052.72673,be,V,8.596,0.02,1588.516,29.229
2456740.86914,bc,V,8.457,0.02,1628.528,29.965
2458158.68674,bh,V,8.574,0.02,1314.116,24.18
2458128.76047,bg,V,8.694,0.02,1277.158,23.5
2457798.74159,bg,V,8.473,0.02,1565.704,28.809
2457772.74957,bg,V,8.596,0.02,1397.442,25.713
2457095.7548,bf,V,8.589,0.02,1383.4,25.455
2456741.75956,bd,V,8.553,0.02,1661.117,30.565
2458075.82878,bg,V,8.61,0.02,1379.669,25.386
2457883.63254,bg,V,8.82,0.02,1137.871,20.937
2457767.79173,bg,V,8.567,0.02,1435.25,26.409
2457435.70423,bg,V,8.362,0.02,1735.027,31.924
2457420.83283,bh,V,8.685,0.02,1186.815,21.837
2457161.56574,bf,V,8.523,0.02,1470.255,27.053
2458448.16159,bd,V,8.754,0.02,1379.942,25.391
2458195.53055,bg,V,8.77,0.02,1191.507,21.924
2458080.8136,bh,V,8.509,0.02,1394.987,25.668
2457901.57951,bg,V,8.536,0.02,1477.81,27.192
2457827.86925,bc,V,8.612,0.02,1411.933,25.98
2457728.80454,bh,V,8.573,0.02,1315.487,24.205
2457466.80516,bc,V,9.711,0.02,513.027,9.44
2457161.57113,be,V,8.572,0.02,1624.038,29.882
2458450.1434,bd,V,8.635,0.02,1539.295,28.323
2458040.87391,bg,V,8.851,0.02,1105.251,20.337
2457751.71104,bh,V,8.507,0.02,1397.731,25.718
2457437.56558,bh,V,8.541,0.02,1354.883,24.93
2457370.09838,bd,V,8.605,0.02,1583.191,29.131
2457026.76935,bf,V,8.558,0.02,1424.555,26.212
2458217.56949,bh,V,8.546,0.02,1348.997,24.822
2457856.67279,bg,V,8.686,0.02,1286.53,23.672
2457822.62805,bg,V,8.557,0.02,1449.286,26.667
2457806.81532,bh,V,8.688,0.02,1183.751,21.781
2457778.98271,bc,V,8.566,0.02,1473.305,27.109
2457761.68088,bh,V,8.61,0.02,1271.685,23.399
2457021.76147,be,V,8.555,0.02,1650.709,30.373
2458125.05651,bd,V,8.548,0.02,1669.145,30.712
2457910.5732,bh,V,8.505,0.02,1401.16,25.781
2457817.88272,bd,V,8.646,0.02,1524.994,28.06
2457673.88106,bg,V,8.722,0.02,1245.011,22.908
2457428.83758,bh,V,8.562,0.02,1328.597,24.446
2457381.08612,bc,V,8.586,0.02,1446.84,26.622
2457129.59957,bf,V,8.539,0.02,1448.516,26.653
2457101.52352,be,V,8.553,0.02,1653.108,30.417
2458185.58958,bg,V,8.88,0.02,1076.366,19.805
2457942.4481,bg,V,8.638,0.02,1344.387,24.737
2457409.86161,bh,V,8.599,0.02,1284.871,23.642
2457096.65933,be,V,8.563,0.02,1637.618,30.132
2457078.97905,bc,V,8.539,0.02,1510.718,27.797
2457071.95088,bd,V,8.568,0.02,1637.991,30.139
2457063.70924,be,V,8.669,0.02,1485.291,27.329
2456832.47939,bf,V,8.455,0.02,1566.08,28.816
2457793.92523,bc,V,8.682,0.02,1324.22,24.366
2457699.83653,bh,V,8.625,0.02,1253.472,23.064
2457448.76332,bg,V,8.356,0.02,1744.319,32.095
2457188.52116,be,V,8.596,0.02,1589.668,29.25
2457185.51835,be,V,8.517,0.02,1709.587,31.456
2457121.71747,be,V,8.601,0.02,1581.812,29.105
2457093.74219,bf,V,8.663,0.02,1292.524,23.782
2458136.00968,bd,V,8.572,0.02,1632.692,30.042
2458116.78387,bg,V,8.803,0.02,1154.953,21.251
2457334.82516,bg,V,8.345,0.02,1760.917,32.401
2457080.68448,bf,V,8.525,0.02,1467.283,26.998
2457038.74364,be,V,8.588,0.02,1601.013,29.459
2456982.12898,bc,V,8.462,0.02,1621.925,29.843
2456615.08645,bd,V,8.242,0.02,2211.007,40.683
2457933.47309,bh,V,8.424,0.02,1508.428,27.755
2457802.68534,bh,V,8.662,0.02,1212.07,22.302
2457765.99176,bc,V,8.634,0.02,1383.769,25.461
2457711.14859,bc,V,8.608,0.02,1417.113,26.075
2457114.63072,be,V,8.543,0.02,1668.964,30.709
2457103.84985,bd,V,8.551,0.02,1663.462,30.608
2458187.89836,bd,V,8.647,0.02,1522.457,28.013
2457766.71851,bh,V,8.717,0.02,1151.69,21.191
